case_id,contact_id,profile_url,person_name,origin_company,origin_domain,origin_title,origin_end_date,destination_company,destination_domain,destination_title,destination_start_date,observed_at,source
MOVE_P006,P006,linkedin.example/in/example-marcus-hale,Marcus Hale,Quillon Health,quillonhealth.example,Head of Growth,2026-05-31,Brightline Care,brightlinecare.example,VP Growth,2026-06-01,2026-09-15,synthetic-work-history
SAME_P012,P012,linkedin.example/in/example-dana-reyes,Dana Reyes,Northwind Robotics Inc.,northwindrobotics.example,Head of Sales,,Northwind Robotics,northwindrobotics.example,Head of Sales,2024-03-01,2026-09-15,synthetic-work-history
ROLE_M101,M101,linkedin.example/in/example-elena-price,Elena Price,Harbor Ledger,harborledger.example,Director Revenue Operations,2026-07-31,Harbor Ledger,harborledger.example,VP Revenue Operations,2026-08-01,2026-09-15,synthetic-work-history
ROLE_M102,M102,linkedin.example/in/example-elena-price,Elena Price,Harbor Ledger,harborledger.example,Director Revenue Operations,2026-07-31,Harbor Ledger,harborledger.example,VP Revenue Operations,2026-08-01,2026-09-15,synthetic-work-history
SAME_P003,P003,linkedin.example/in/example-priya-nand,Priya Nand,Harbor Ledger,harborledger.example,VP Revenue Operations,,Harbor Ledger,harborledger.example,VP Revenue Operations,2024-01-01,2026-09-15,synthetic-work-history
WRONG_PERSON_P002,P002,linkedin.example/in/example-theo-marsh,Theo March,Northwind Robotics,northwindrobotics.example,CEO,2026-06-30,Solstice Systems,solsticesystems.example,CEO,2026-07-01,2026-09-15,synthetic-work-history
WRONG_ORIGIN_P004,P004,linkedin.example/in/example-owen-pike,Owen Pike,Harbor Ledger,otherledger.example,Marketing Operations Manager,2026-06-30,Harbor Ledger,harborledger.example,Marketing Director,2026-07-01,2026-09-15,synthetic-work-history
CONCURRENT_P005,P005,linkedin.example/in/example-rosa-klein,Rosa Klein,Fernwood Freight,fernwoodfreight.example,Director of Sales,,Solstice Systems,solsticesystems.example,Sales Director,2026-07-01,2026-09-15,synthetic-work-history
ADVISORY_P007,P007,linkedin.example/in/example-ana-soto,Ana Soto,Quillon Health,quillonhealth.example,Revenue Operations Lead,2026-06-30,Brightline Care,brightlinecare.example,Fractional Advisor,2026-07-01,2026-09-15,synthetic-work-history
STALE_P009,P009,linkedin.example/in/example-nina-ford,Nina Ford,Tidewater Analytics,tidewateranalytics.example,Founder,2026-03-31,Solstice Systems,solsticesystems.example,CEO,2026-04-01,2026-06-01,synthetic-work-history
FUTURE_P010,P010,linkedin.example/in/example-jonah-wells,Jonah Wells,Summit Fleet,summitfleet.example,VP Sales,2026-08-31,Solstice Systems,solsticesystems.example,Chief Revenue Officer,2026-09-01,2026-10-01,synthetic-work-history
CONFLICT_A_P011,P011,linkedin.example/in/example-ivy-chen,Ivy Chen,Cedar Clinics,cedarclinics.example,Director of Marketing,2026-06-30,Solstice Systems,solsticesystems.example,VP Marketing,2026-07-01,2026-09-15,synthetic-work-history
CONFLICT_B_P011,P011,linkedin.example/in/example-ivy-chen,Ivy Chen,Cedar Clinics,cedarclinics.example,Director of Marketing,2026-06-30,Brightline Care,brightlinecare.example,VP Marketing,2026-08-01,2026-09-16,synthetic-work-history
NO_START_P013,P013,linkedin.example/in/example-bea-ellis,Bea Ellis,Harbor Ledger,harborledger.example,Accounts Payable Specialist,2026-06-30,Harbor Ledger,harborledger.example,Finance Manager,,2026-09-15,synthetic-work-history
NO_END_P014,P014,linkedin.example/in/example-cal-stone,Cal Stone,Northwind Robotics,northwindrobotics.example,Warehouse Operations Lead,,Solstice Systems,solsticesystems.example,Operations Lead,2026-07-01,2026-09-15,synthetic-work-history
